window_start,window_current_start,fundingRate,rate_7d_mean,rate_7d_std,rate_30d_mean,rate_30d_std,rate_zscore,rate_zscore_7d,rate_momentum_1d,rate_momentum_3d,rate_momentum_7d,rate_acceleration,pct_positive_7d,pct_positive_30d,rate_volatility_7d,hour,weekday,hour_sin,hour_cos,weekday_sin,weekday_cos,binance_premium,tri_exchange_mean,tri_exchange_std,tri_exchange_outlier,max_exchange_spread,usdt_supply,usdt_inflow_7d_pct,usdc_supply,usdc_inflow_7d_pct,total_stablecoin_supply,total_inflow_7d_pct,pred_direction_matches_actual,rate_btc,zscore_btc,mom_btc,rate_eth,zscore_eth,mom_eth,rate_sol,zscore_sol,mom_sol,rate_doge,zscore_doge,mom_doge,rate_xrp,zscore_xrp,mom_xrp,rate_avax,zscore_avax,mom_avax,rate_link,zscore_link,mom_link,btc_eth_spread,btc_sol_spread,eth_sol_spread,btc_eth_spread_zscore,btc_sol_spread_zscore,eth_sol_spread_zscore,hierarchy_normal,hierarchy_inversion,all_above_zscore_1,sync_score,btc_falling_sol_rising,rotation_direction,portfolio_rate_weighted,rel_score_btc,rel_score_eth,rel_score_sol,rel_score_doge,rel_score_xrp,rel_score_avax,rel_score_link
2023-03-16 16:00:00.005,2023-04-15 16:00:00.011,0.41971,1.59391,3.15286,,,,0.48568,0.18487,0.4064,0.36801,0.27927,0.02948,,3.15286,0.0,0.02001,0.0,0.0,0.0134,0.01464,0.0,0.41971,0.0,0.0,0.0,5.92121,3.79594,4.33373,5.06944,2.27028,1.78848,0.04735,0.7925,,0.87909,0.14544,,0.26916,0.41971,,0.18487,0.59566,,0.6487,0.14912,,0.28051,1.77037,,1.41824,0.49688,,0.14191,0.47232,0.31088,0.24735,,,,0.00781,0.06361,0.0,0.0382,0.02611,0.11156,0.25153,,,,,,,
2023-03-26 16:00:00.000,2023-04-25 16:00:00.015,0.4259,2.58643,3.88302,1.83576,9.09213,2.44565,0.48633,0.55113,0.31897,2.03694,0.52251,2.02023,0.28068,3.88302,0.0,0.02001,0.0,0.0,0.01296,0.01485,0.0,0.4259,0.0,0.0,0.0,8.00025,3.67863,8.27543,5.17587,1.04827,4.59009,0.27238,0.40502,0.71538,0.3036,0.25131,2.04629,0.37172,0.4259,2.44565,0.55113,0.41984,1.73802,0.3011,0.31023,1.04804,0.2442,0.9762,1.7889,0.91728,0.53902,2.62617,0.71978,0.54723,0.40328,0.39899,0.49908,0.68184,2.38067,0.00338,0.14759,0.12004,0.84182,0.03429,0.01792,0.50672,0.58368,0.70452,0.68062,0.96191,0.34753,1.44155,1.84985
2023-04-05 16:00:00.004,2023-05-05 16:00:00.000,0.44318,2.2756,2.59845,1.38426,6.24414,1.4667,0.41457,0.30905,0.45128,0.89204,0.87646,2.02023,0.02508,2.59845,0.0,0.02001,0.0,0.0,0.01923,0.01009,0.0,0.44318,0.0,0.0,0.0,8.60928,2.72335,8.75332,3.2725,1.39412,1.89525,0.27238,0.26755,0.45592,0.37027,0.3165,0.72593,0.49564,0.44318,1.4667,0.30905,0.42697,2.06397,0.22276,0.53854,0.6702,0.29916,0.54803,1.22776,0.29058,0.52692,1.60491,0.78916,0.4973,0.30495,0.41921,0.27127,0.68908,0.59471,0.01429,0.06723,0.12004,0.84182,0.01002,0.01649,0.53506,0.67369,0.29345,0.17379,0.64935,0.49533,1.62594,0.70811
2023-04-15 16:00:00.011,2023-05-15 16:00:00.008,0.61788,3.13221,3.92991,1.0174,5.99325,2.03045,0.43054,0.70827,0.51878,0.44519,0.31163,2.02023,2.04236,3.92991,0.0,0.02001,0.0,0.0,0.01819,0.00126,0.0,0.61788,0.0,0.0,0.0,8.05708,6.3169,7.0699,2.1706,3.66794,2.38541,0.27238,0.40849,0.33041,0.3667,0.27982,0.37349,0.55392,0.61788,2.03045,0.70827,0.52146,0.71642,0.63829,0.80792,0.53291,0.54227,0.81665,1.51848,0.60312,0.19442,2.66681,0.19929,0.41762,0.22285,0.45349,0.32232,0.60304,0.48155,0.02809,0.05092,0.12004,0.75631,0.05583,0.05069,0.71039,0.71399,0.25044,0.40243,1.26521,0.40191,1.49577,0.90127
2023-04-25 16:00:00.015,2023-05-25 16:00:00.016,0.56022,2.26345,2.53668,1.07255,5.64258,0.77349,0.6849,0.43476,0.47023,1.25772,0.57771,0.0,7.27985,2.53668,0.0,0.02001,0.0,0.0,0.01689,0.00252,0.0,0.56022,0.0,0.0,0.0,7.54627,4.56694,9.36885,1.48247,6.91897,2.513,0.0,0.43439,0.27815,0.38362,0.18933,0.94849,0.24543,0.56022,0.77349,0.43476,0.26398,0.23707,0.36078,0.15507,0.44568,0.2331,1.00196,1.75908,0.47294,0.57364,2.41763,0.75808,0.17405,0.60408,0.4187,0.56366,0.54074,0.39814,0.29712,0.02799,0.0,0.0,0.06578,0.04958,0.96993,0.71537,0.40385,0.2785,0.28315,0.73848,1.0159,0.58544
2023-05-05 16:00:00.000,2023-06-04 16:00:00.000,0.7094,0.8617,7.06612,2.28247,4.04385,0.88651,0.1721,0.74195,0.38107,1.28606,0.91022,0.0,3.33391,7.06612,0.0,0.02001,0.0,0.0,0.0167,0.01224,0.0,0.7094,0.0,0.0,0.0,6.71832,4.18719,8.08077,2.11961,8.81224,1.02034,0.0,0.41499,1.89714,0.61037,0.19722,0.48205,0.45342,0.7094,0.88651,0.74195,0.22682,0.17447,0.12305,0.27121,1.39613,0.51931,0.1674,4.97467,0.14773,0.48974,0.95863,0.39854,0.35097,1.72118,1.10092,0.51609,1.38278,0.68549,1.07271,0.0576,0.0,0.0,0.01859,0.05912,0.64046,0.36788,0.56217,0.48174,0.40417,0.30745,0.36235,0.34565
2023-05-15 16:00:00.008,2023-06-14 16:00:00.000,0.58141,2.03583,5.72518,7.76366,8.04138,0.66295,0.24585,0.34719,0.2763,0.41209,0.32249,0.0,0.29416,5.72518,0.0,0.02001,0.0,0.0,0.01835,0.01576,0.0,0.58141,0.0,0.0,0.0,4.87121,0.8239,7.26388,1.12674,8.94551,2.50754,0.0,0.28043,2.99657,0.4063,0.54881,0.36426,0.26037,0.58141,0.66295,0.34719,0.57708,0.48401,0.44606,0.49207,0.28775,0.28149,0.42689,0.51209,0.29189,0.44116,0.30224,0.39495,0.83024,0.77565,0.70464,0.67148,0.54953,0.42545,0.04838,0.01072,0.0,0.0,0.03047,0.08527,0.50282,0.49261,0.21644,0.83486,0.16905,0.47389,0.8022,0.29883
2023-05-25 16:00:00.016,2023-06-24 16:00:00.000,0.32609,3.64805,6.05444,2.72047,6.39891,0.42687,0.18319,0.11109,0.16887,0.54773,0.3547,0.0,0.0,6.05444,0.0,0.02001,0.0,0.0,0.0134,0.01464,0.0,0.32609,0.0,0.0,0.0,6.83557,3.46497,4.76223,1.63517,6.78551,1.30705,0.0,0.16679,1.40866,0.57207,0.67798,0.38084,0.16795,0.32609,0.42687,0.11109,0.61944,0.46109,0.3319,0.656,1.10301,0.43853,0.88633,0.58894,0.32404,0.61822,0.72242,0.37439,0.37168,0.24152,0.19758,0.386,0.96411,0.87923,0.2048,0.28093,0.0,0.0,0.00501,0.10045,0.8107,0.66465,0.3452,0.8346,0.29592,0.25872,0.83268,1.0429
2023-06-04 16:00:00.000,2023-07-04 16:00:00.000,0.55303,3.20071,8.14364,2.8636,6.91002,0.56942,0.44353,0.24138,0.19928,0.3643,0.46983,0.0,0.0,8.14364,0.0,0.02001,0.0,0.0,0.01296,0.01485,0.0,0.55303,0.0,0.0,0.0,6.50714,5.46013,10.67941,1.19995,11.59991,1.25209,0.0,0.44024,0.40894,0.35921,0.57965,0.81782,0.11777,0.55303,0.56942,0.24138,0.41827,0.73229,0.61642,0.95261,1.13433,1.04662,0.86352,0.50244,0.32716,0.60133,0.47752,0.36704,0.67698,0.93258,0.38122,0.19282,0.25925,0.55938,0.0,0.11381,0.0,0.0,0.03919,0.09717,0.80611,0.67863,0.43081,0.7295,1.09207,0.54623,0.18014,0.15476
2023-06-14 16:00:00.000,2023-07-14 16:00:00.000,0.88001,4.65522,6.73297,7.4634,9.47857,0.98938,0.18105,0.47638,0.32237,0.30873,0.76473,0.00081,13.54585,6.73297,0.0,0.02001,0.0,0.0,0.01923,0.01009,0.0,0.88001,0.0,0.0,0.0,9.21448,0.99082,6.52071,2.09437,5.53574,4.37429,0.0,0.58116,0.67591,0.2473,0.60294,0.56443,0.2901,0.88001,0.98938,0.47638,0.62744,0.80222,0.84879,1.76316,0.42196,1.19819,0.60559,0.20371,0.16201,0.78547,0.36458,0.35452,0.40475,1.18832,0.87653,0.5805,0.4072,0.36594,0.15293,0.0,0.0,0.12004,0.00103,0.10019,2.15351,0.31328,0.28159,0.52378,0.8767,1.52882,0.19862,0.13942
2023-06-24 16:00:00.000,2023-07-24 16:00:00.000,0.39017,1.45888,4.33382,7.11241,9.08776,0.9856,0.59691,0.35184,0.35583,0.8972,0.80642,1.89979,0.43586,4.33382,0.0,0.02001,0.0,0.0,0.01819,0.00126,0.0,0.39017,0.0,0.0,0.0,8.79974,2.71312,8.1015,0.93697,7.16557,1.12232,0.12004,0.38133,0.5579,0.5576,0.25359,0.11716,0.09341,0.39017,0.9856,0.35184,0.26754,0.33838,0.4217,0.23457,3.52223,0.48863,0.94825,1.45031,0.49823,0.61679,0.88976,0.32823,0.19846,0.99333,0.48345,0.81366,1.31456,0.64142,0.15293,0.39102,0.0,0.17254,0.00933,0.04333,0.43974,0.36636,0.2062,0.77019,0.22994,1.37271,1.03514,0.78768
2023-07-04 16:00:00.000,2023-08-03 16:00:00.001,0.62311,0.71664,1.40715,0.34622,2.9697,0.71534,0.43139,0.33465,0.51482,0.23083,0.68613,1.89979,0.50086,1.40715,0.0,0.02001,0.0,0.0,0.01689,0.00252,0.0,0.62311,0.0,0.0,0.0,11.24158,4.52298,10.64126,0.73985,10.72852,0.37226,0.12004,0.52185,0.34895,1.20964,0.52875,0.26573,0.17969,0.62311,0.71534,0.33465,0.09565,0.28972,0.3392,0.31806,0.54418,0.23387,1.24575,0.73159,1.1326,0.38105,0.45077,0.16574,0.79083,0.90903,0.67431,0.66464,0.85796,0.46321,0.1591,0.32303,0.0,0.17254,0.00338,0.04186,1.10963,0.29029,0.41807,0.48451,0.55505,0.60169,0.64462,0.17719
2023-07-14 16:00:00.000,2023-08-13 16:00:00.000,0.78997,2.27682,7.14562,1.30168,1.90835,1.14418,0.21137,0.68805,0.80398,0.74112,0.76703,1.8256,,7.14562,0.0,0.02001,0.0,0.0,0.0167,0.01224,0.0,0.78997,0.0,0.0,0.0,10.49716,3.32043,5.49847,2.86761,10.67977,3.93002,0.05199,2.08988,1.38588,0.69988,0.73051,0.4212,0.20254,0.78997,1.14418,0.68805,1.11081,1.68023,0.65715,0.55344,1.38167,0.69383,1.11611,0.90011,0.74261,1.61021,1.17,0.42067,0.24879,0.71624,0.91175,0.57339,0.32587,0.31771,0.15293,0.38456,0.0,0.05199,0.05503,0.00474,0.3643,1.58748,0.59692,1.04336,0.84485,0.85563,1.00592,1.14389
2023-07-24 16:00:00.000,2023-08-23 16:00:00.000,3.28992,10.9855,8.77779,,9.10806,0.6148,0.35892,0.73539,1.28152,0.49605,0.84128,0.0,6.54446,8.77779,0.0,0.02001,0.0,0.0,0.01835,0.01576,0.0,3.28992,0.0,0.0,0.0,7.73017,2.70142,2.70811,3.07581,7.11314,4.68358,0.0,6.40059,3.04964,0.77333,2.05092,0.7502,0.07691,3.28992,0.6148,0.73539,0.45253,0.54106,0.63676,0.69064,1.0069,0.55483,0.49122,0.58328,0.24684,1.56959,0.74495,0.65381,0.32633,2.40667,0.70028,0.78927,0.78517,0.15971,0.00261,0.07478,0.0,0.0,0.02926,0.35373,3.18272,1.68853,0.77694,0.667,0.52235,0.90016,0.56502,0.73711
2023-08-03 16:00:00.001,2023-09-02 16:00:00.000,0.88403,5.17268,3.00541,,7.87389,0.2241,0.33052,0.34173,0.43251,0.4297,0.89883,0.0,2.78907,3.00541,0.0,0.02001,0.0,0.0,0.0134,0.01464,0.0,0.88403,0.0,0.0,0.0,5.38843,6.26763,3.15358,1.34752,3.47653,0.70416,0.0,1.93974,1.50507,1.0599,1.03241,0.65739,0.35547,0.88403,0.2241,0.34173,0.24452,0.58886,0.27422,0.30619,0.62879,0.33801,0.3071,0.7002,0.1098,0.44367,0.39376,0.47412,0.68968,0.38709,0.63287,0.67724,0.66629,0.11075,0.04188,0.00501,0.0,0.0,0.00682,0.36839,1.36428,0.38424,0.50843,0.41675,0.60442,0.87379,1.54098,0.38043
2023-08-13 16:00:00.000,2023-09-12 16:00:00.000,0.46744,1.84996,2.45709,,6.50907,0.83213,0.40779,0.31505,0.38187,0.53863,0.94208,0.0,0.0,2.45709,0.0,0.02001,0.0,0.0,0.01296,0.01485,0.0,0.46744,0.0,0.0,0.0,10.36193,3.20038,4.71066,1.53622,1.38808,1.21765,0.0,0.53862,1.05453,0.23665,1.17369,0.99639,0.33106,0.46744,0.83213,0.31505,0.35508,0.10346,0.43541,0.63865,0.36234,0.52246,1.07321,1.01796,0.93048,0.17528,0.44999,0.43067,0.62953,0.41022,0.66376,0.1308,0.78386,0.77513,0.10633,0.09372,0.0,0.0,0.0,0.12824,0.94941,0.32139,0.52429,0.61703,0.51842,0.65556,1.27021,0.44757
2023-08-23 16:00:00.000,2023-09-22 16:00:00.000,0.55847,2.80557,0.28187,5.34562,1.74944,0.90411,0.35358,0.40122,0.65151,0.20263,0.29838,0.0,0.0,0.28187,0.0,0.02001,0.0,0.0,0.01923,0.01009,0.0,0.55847,0.0,0.0,0.0,10.03493,2.27861,10.80789,3.224,4.35868,3.11364,0.0,0.09803,0.88435,0.0841,1.02476,1.05386,0.28088,0.55847,0.90411,0.40122,0.3863,0.22407,0.67835,0.5144,0.34553,0.4179,2.2855,0.69076,1.19622,0.24314,0.35213,0.38594,1.27074,0.41004,0.15719,0.1446,0.68062,0.66494,0.09372,0.11415,0.0,0.0,0.00612,0.00791,0.94271,0.90337,0.54827,1.01451,0.17268,0.34538,0.46931,0.40487
2023-09-02 16:00:00.000,2023-10-02 16:00:00.000,0.4765,4.12157,0.9926,4.38021,1.53701,0.37059,0.56905,0.62793,0.26955,0.39378,0.17491,0.0,0.0,0.9926,0.0,0.02001,0.0,0.0,0.01819,0.00126,0.0,0.4765,0.0,0.0,0.0,7.64691,3.23049,8.41449,0.46428,3.32961,4.86361,0.0,0.38617,1.36234,0.4497,2.27032,1.06031,0.71157,0.4765,0.37059,0.62793,0.36778,0.96949,0.39454,0.47859,0.25085,0.44629,1.13453,2.26804,1.09818,0.78171,0.74797,0.42749,1.19902,0.415,0.47347,0.60693,0.60337,0.63648,0.04188,0.17846,0.59016,0.0,0.01982,1.39815,0.63813,1.74065,0.62109,1.41941,0.71379,1.03705,0.59338,0.71611
2023-09-12 16:00:00.000,2023-10-12 16:00:00.000,1.57492,2.35534,1.83918,10.57907,1.43737,0.99784,0.49528,1.19402,0.97334,0.88418,0.49887,0.80335,0.0,1.83918,0.0,0.02001,0.0,0.0,0.01689,0.00252,0.0,1.57492,0.0,0.0,0.0,8.11319,4.4338,5.6651,0.53812,2.66327,1.48805,0.0,2.99339,1.42804,1.24272,2.32203,0.71064,1.19224,1.57492,0.99784,1.19402,1.46602,0.89901,0.16823,1.14046,0.74953,0.31382,0.91712,1.05028,0.41371,1.64548,0.56071,0.69428,1.71136,1.44564,0.91107,1.65028,1.47875,0.82944,0.21249,0.59741,0.72288,0.0,0.14327,3.18221,0.5929,1.74511,0.96745,0.63934,1.40638,1.08282,0.57487,0.49013
2023-09-22 16:00:00.000,2023-10-22 16:00:00.000,3.76474,4.02652,4.03612,6.02072,2.95905,2.15181,1.85148,0.62447,1.00475,0.99436,0.57258,2.09952,2.30468,4.03612,0.0,0.02001,0.0,0.0,0.0167,0.01224,0.0,3.76474,0.0,0.0,0.0,11.06268,12.47612,4.72787,1.32709,12.12705,0.94745,0.0,7.29946,2.54466,1.52773,7.38911,0.55219,2.77369,3.76474,2.15181,0.62447,2.52628,1.24125,0.36941,3.12236,2.1915,0.93504,3.17966,1.03258,1.0942,4.86008,1.92109,0.95239,3.2372,2.30001,1.69648,3.24709,0.98038,1.36426,0.09372,1.50007,0.8158,0.0,0.51069,4.48589,3.81095,1.66938,0.67175,1.05017,0.98269,0.8453,0.9445,0.75714
2023-10-02 16:00:00.000,2023-11-01 16:00:00.000,5.33101,9.33121,5.2212,9.53223,7.07193,1.50013,1.16048,0.43762,0.94867,1.19813,0.67788,2.59606,5.86713,5.2212,0.0,0.02001,0.0,0.0,0.01835,0.01576,0.0,5.33101,0.0,0.0,0.0,7.56105,12.22192,9.38094,1.45896,5.60574,1.34459,0.0,5.29634,2.91102,0.98491,4.93687,2.98934,2.31718,5.33101,1.50013,0.43762,3.95075,3.23955,0.42892,3.85505,3.47341,0.81004,4.01799,2.70505,1.01385,2.84768,3.94159,0.48544,2.04704,2.64361,1.37445,1.70138,1.24719,1.1445,0.0,1.29721,0.32201,1.14276,0.23438,1.00961,5.16563,0.99867,2.4874,0.82324,1.41113,1.47934,1.68825,2.31938
2023-10-12 16:00:00.000,2023-11-11 16:00:00.000,2.483,6.97509,2.93133,,4.34316,2.00802,1.91315,0.36326,0.89319,0.6528,0.52803,0.44481,,2.93133,0.0,0.02001,0.0,0.0,0.0134,0.01464,0.0,2.483,0.0,0.0,0.0,9.5261,8.27147,6.70305,3.98725,8.80553,4.54996,0.55431,2.49531,2.4122,0.19021,3.42659,2.0437,0.33296,2.483,2.00802,0.36326,1.30961,3.3833,0.13134,1.81068,3.89335,0.20502,1.99044,2.66871,0.31353,0.8651,3.295,0.59956,0.47092,0.98347,0.97982,1.73131,2.13246,2.04853,0.15153,0.66855,0.58955,0.40011,0.01686,0.08018,3.59428,1.96629,2.70299,1.35486,1.77887,2.38449,2.74511,2.99082
2023-10-22 16:00:00.000,2023-11-21 16:00:00.000,0.56311,3.77531,2.08543,,4.4594,2.67817,1.14559,0.32547,0.09911,0.29441,0.20563,0.36308,7.57264,2.08543,0.0,0.02001,0.0,0.0,0.01296,0.01485,0.0,0.56311,0.0,0.0,0.0,7.4851,3.27827,3.25034,6.11488,8.76731,5.57439,0.02347,0.25778,2.46194,0.11926,0.30999,1.4926,0.21447,0.56311,2.67817,0.32547,0.58902,2.00273,0.5029,0.33651,1.29305,0.08013,0.2212,1.44877,0.1581,0.31234,1.35411,0.31502,0.10957,0.68879,0.22713,1.66311,1.88994,1.62463,0.00216,0.0576,1.05194,0.12962,0.0,0.01301,0.88854,1.92092,1.68152,4.27547,4.85593,1.8819,2.21609,2.46349
2023-11-01 16:00:00.000,2023-12-01 16:00:00.000,0.48435,2.72466,2.12074,,3.37495,1.16617,0.45439,0.81571,0.55926,0.30694,0.58394,1.28042,3.47459,2.12074,0.0,0.02001,0.0,0.0,0.01923,0.01009,0.0,0.48435,0.0,0.0,0.0,8.60257,5.34716,2.45706,6.5293,7.43645,2.62064,0.55695,0.76257,0.83419,0.62134,0.93818,0.57607,0.48497,0.48435,1.16617,0.81571,0.90866,0.29715,0.10608,1.06283,1.74688,0.72151,0.60857,0.58352,0.4042,0.9877,1.20413,0.26787,0.43022,0.76762,0.57282,2.28727,2.79317,1.50531,0.13598,0.27349,0.07478,1.00389,0.05778,1.54938,0.94169,0.33193,0.37228,2.07398,1.44284,0.56929,0.68633,0.71483
2023-11-11 16:00:00.000,2023-12-11 16:00:00.000,0.10731,0.96628,3.82273,6.70106,3.55036,0.43074,0.30567,0.32678,0.27663,0.87374,0.78063,1.17371,6.84957,3.82273,0.0,0.02001,0.0,0.0,0.01819,0.00126,0.0,0.10731,0.0,0.0,0.0,8.56435,3.65579,1.28749,3.98549,7.93096,1.46877,0.08654,0.75431,1.06157,0.21117,0.71095,1.30338,1.12214,0.10731,0.43074,0.32678,0.1932,0.71852,0.02481,0.42073,1.66248,0.41876,1.16851,0.71133,0.21549,0.27733,0.6518,0.22076,0.73228,0.37129,0.5036,1.58891,0.66492,0.75723,0.01723,0.35098,0.23438,0.51614,0.00801,0.28302,0.54483,0.52876,0.52685,1.36511,1.66153,0.83999,1.37022,0.32313
2023-11-21 16:00:00.000,2023-12-21 16:00:00.000,0.3751,0.88356,3.16804,4.7791,1.43886,1.79623,0.60295,0.12578,0.25973,0.18012,0.70764,0.44203,5.93227,3.16804,0.0,0.02001,0.0,0.0,0.01689,0.00252,0.0,0.3751,0.0,0.0,0.0,5.67385,8.70045,8.36568,1.72219,9.47532,2.91522,0.04488,0.31958,3.84986,0.18844,1.06232,4.29901,0.55778,0.3751,1.79623,0.12578,0.5439,4.1928,0.07019,1.04785,3.44962,0.32581,0.61422,4.1434,0.16944,0.47857,4.48197,0.90931,0.767,0.17196,0.32568,0.63313,0.6182,0.32966,0.0669,0.07008,0.44788,2.8055,0.02427,0.04516,1.0081,1.23834,4.24653,1.89569,4.40317,0.47547,0.70033,0.44401
2023-12-01 16:00:00.000,2023-12-31 16:00:00.000,1.14108,2.20152,8.74,2.81913,11.51944,0.91314,1.21749,1.70545,1.7949,1.59705,1.99332,2.84557,1.28004,8.74,0.0,0.02001,0.0,0.0,0.0167,0.01224,0.0,1.14108,0.0,0.0,0.0,8.62826,6.52068,3.73158,4.8708,6.50629,2.25943,1.19964,1.67841,3.85534,1.23774,1.64539,0.9723,0.86639,1.14108,0.91314,1.70545,1.60636,1.92251,1.41583,2.13408,2.11593,3.28785,1.51232,1.23822,1.35471,2.16884,2.58674,1.38123,1.0423,1.5061,2.42079,0.67283,1.63746,1.7372,0.17828,0.42012,0.10633,4.70347,0.09713,2.25794,1.71969,3.21747,3.16541,3.29461,3.88328,2.01186,2.37881,2.97957
2023-12-11 16:00:00.000,2024-01-10 16:00:00.000,2.48831,6.53644,10.62721,4.68019,3.27237,1.7486,4.90319,2.39333,3.41092,4.01204,2.76368,10.09146,3.80399,10.62721,0.0,0.02001,0.0,0.0,0.01835,0.01576,0.0,2.48831,0.0,0.0,0.0,10.83764,2.53116,5.92395,3.67496,9.72618,2.07665,4.48025,2.85878,2.56403,1.67091,3.00744,1.88347,2.39908,2.48831,1.7486,2.39333,3.11101,2.87756,2.933,3.17211,3.31115,3.06521,3.03934,2.81534,3.32604,2.23418,2.52121,2.07382,1.19925,1.64921,1.76596,0.6958,0.80148,1.22627,0.11415,0.15063,1.26608,5.50111,0.03975,0.51326,3.39382,2.25055,3.22229,3.63399,4.05397,3.86219,3.51952,2.78651
2023-12-21 16:00:00.000,2024-01-20 16:00:00.000,0.93447,2.69985,4.26327,6.83621,3.46395,1.21197,3.29627,1.07251,1.87025,2.03751,1.21588,2.48399,7.55246,4.26327,0.0,0.02001,0.0,0.0,0.0134,0.01464,0.0,0.93447,0.0,0.0,0.0,6.27231,2.88567,8.09294,2.11721,6.72221,1.10104,0.22789,1.9432,2.14474,1.29172,2.51451,0.7979,2.01609,0.93447,1.21197,1.07251,1.25544,2.50597,0.54584,1.54842,5.34406,1.06926,1.40121,1.90658,1.25622,1.45961,3.10933,0.8787,0.91637,1.09715,0.6171,0.43217,1.19026,0.49493,0.01859,0.02755,0.31413,1.21631,0.02427,0.13543,2.35875,1.01628,1.48919,0.99707,0.45315,3.2523,0.84032,1.00997
2023-12-31 16:00:00.000,2024-01-30 16:00:00.001,1.20367,0.67218,4.96793,4.79346,10.68229,5.83809,2.27572,0.7276,1.51194,1.72015,0.79925,0.22354,2.39818,4.96793,0.0,0.02001,0.0,0.0,0.01296,0.01485,0.0,1.20367,0.0,0.0,0.0,8.90017,2.76789,8.75986,0.95095,8.81584,2.13374,0.92158,1.45884,4.60961,0.48819,0.78025,4.97359,1.05751,1.20367,5.83809,0.7276,0.7257,8.12301,1.07629,1.70141,7.86144,1.37217,1.20315,8.82121,0.64773,1.62866,11.75362,0.66406,1.35067,2.36203,2.55991,3.23117,6.79667,2.44974,0.20488,0.57942,0.17828,1.59874,0.09713,2.04188,2.93784,11.17254,9.73987,5.17277,4.61002,4.59965,5.00053,4.94956
2024-01-10 16:00:00.000,2024-02-09 16:00:00.001,0.6339,9.09679,9.66578,1.48352,4.35926,1.55365,2.68892,1.00326,1.10295,1.16861,1.42693,2.37428,0.18505,9.66578,0.0,0.02001,0.0,0.0,0.01923,0.01009,0.0,0.6339,0.0,0.0,0.0,4.76217,1.02744,9.67764,0.40664,8.84193,1.40743,0.0,0.8881,3.72896,0.78389,0.87021,5.98699,0.4759,0.6339,1.55365,1.00326,0.0,6.48237,3.06252,0.05199,3.71209,2.81401,0.33161,2.03293,2.35139,0.15673,1.15255,2.13997,1.02517,2.59761,1.28183,0.80957,1.43244,2.68674,0.2922,0.4611,0.0,0.0,0.10017,1.3993,1.29531,12.07737,14.76539,11.2324,10.50613,4.33229,10.05809,8.95218
2024-01-20 16:00:00.000,2024-02-19 16:00:00.000,3.77878,,10.9643,6.39211,8.29509,2.00564,1.90459,2.32229,3.28871,1.77745,2.40404,,6.42686,10.9643,0.0,0.02001,0.0,0.0,0.01819,0.00126,0.0,3.77878,0.0,0.0,0.0,9.97959,2.63905,6.60604,0.9365,8.67174,1.88639,3.86459,3.54043,1.34831,1.20556,2.06882,1.57173,0.40697,3.77878,2.00564,2.32229,2.10972,2.29476,3.38139,2.73103,1.72581,2.26483,2.07297,1.97177,3.29372,2.88197,3.50139,2.84778,1.05479,3.94287,1.76834,1.15055,1.6181,1.73112,0.26999,0.26719,1.06316,10.12246,0.14955,3.08056,9.83293,2.50957,2.91062,1.2325,1.70312,1.64878,2.3936,2.58819
2024-01-30 16:00:00.001,2024-02-29 16:00:00.000,1.82152,6.04628,5.9215,,,1.85667,0.66412,0.93267,0.97162,1.45317,0.74692,6.23624,,5.9215,0.0,0.02001,0.0,0.0,0.01689,0.00252,0.0,1.82152,0.0,0.0,0.0,11.12279,3.55501,9.84626,3.0446,9.49744,2.69999,1.51374,4.38625,1.18956,1.48047,4.36664,1.36519,1.57892,1.82152,1.85667,0.93267,1.92259,0.79895,0.61099,3.3099,0.87616,0.97379,1.20233,2.47589,0.89522,1.92002,2.11003,0.72174,0.94298,0.33932,0.20761,0.40636,1.76991,1.62562,0.16654,0.11335,0.01294,5.11184,0.04237,0.90236,2.70545,2.68627,1.62264,1.64405,0.88094,1.32791,0.61166,1.09445
2024-02-09 16:00:00.001,2024-03-10 16:00:00.000,0.4676,2.31016,1.15113,6.74331,5.59735,3.81598,0.87536,0.445,0.59968,0.65535,0.76869,1.6477,8.5795,1.15113,0.0,0.02001,0.0,0.0,0.0167,0.01224,0.0,0.4676,0.0,0.0,0.0,10.71056,1.82065,11.04675,3.35756,10.72764,4.15596,0.0,0.90217,2.49108,0.377,0.57496,3.86401,0.24683,0.4676,3.81598,0.445,0.28287,3.19403,0.19358,0.44455,2.26988,0.5031,0.32841,3.1628,0.31464,0.40555,4.78397,0.51575,0.46093,0.85306,0.66876,0.68026,2.53565,2.57729,0.0104,0.00198,0.72735,0.37172,0.0012,0.0143,0.36155,1.74486,0.1818,3.62775,2.0757,2.3385,2.28457,2.38161
2024-02-19 16:00:00.000,2024-03-20 16:00:00.000,2.00232,5.19698,2.18052,2.41137,2.50034,3.77118,0.30588,0.79408,1.16591,0.70655,1.11406,0.5792,3.06247,2.18052,0.0,0.02001,0.0,0.0,0.01835,0.01576,0.0,2.00232,0.0,0.0,0.0,7.09355,1.08953,9.58002,3.21189,8.16546,0.85209,0.94025,1.80844,2.89158,0.89307,1.67952,3.73916,0.70626,2.00232,3.77118,0.79408,1.66403,3.83715,1.27208,1.32985,3.26908,1.01332,1.25586,3.34439,1.08732,2.81325,4.98286,1.02145,0.49306,1.35345,1.19741,0.54054,1.4186,1.57597,0.04186,0.041,1.34124,0.51558,0.0,1.08382,1.587,2.68451,2.52927,2.47597,1.95654,3.00011,3.00216,6.01335
2024-02-29 16:00:00.000,2024-03-30 16:00:00.000,1.95153,5.16123,2.56416,5.55663,6.79557,1.54036,0.53231,0.74216,0.91518,0.64394,0.76853,0.1306,0.90281,2.56416,0.0,0.02001,0.0,0.0,0.0134,0.01464,0.0,1.95153,0.0,0.0,0.0,5.718,0.65802,8.62695,2.39044,7.954,1.84206,2.80973,2.88847,2.08749,0.91104,2.58227,1.73336,1.1382,1.95153,1.54036,0.74216,2.93358,2.1794,1.17563,2.26243,1.82569,1.3484,1.76042,2.21967,1.102,2.93959,2.83965,1.42749,1.02308,1.47897,0.88971,0.38193,0.63608,0.66084,0.21939,0.02515,0.63408,1.24085,0.01723,1.07412,1.3134,1.19829,2.33616,0.98029,2.3938,2.41234,2.38838,3.72382
2024-03-10 16:00:00.000,2024-04-09 16:00:00.001,2.10879,6.08022,5.57337,,10.16909,1.13779,1.05326,0.75411,1.21325,2.03165,0.79791,9.2167,9.06199,5.57337,0.0,0.02001,0.0,0.0,0.01296,0.01485,0.0,2.10879,0.0,0.0,0.0,8.22724,0.68809,5.33385,5.26,7.60049,2.52567,2.66419,2.06615,0.93213,1.07728,4.27851,0.80437,1.50452,2.10879,1.13779,0.75411,3.16333,1.20989,1.35664,3.08271,0.93847,0.93642,3.47572,1.25766,1.65221,3.02518,1.98385,0.52619,0.85308,0.78074,0.6534,0.1503,0.27958,0.47293,0.03351,0.11766,0.27238,6.03715,0.02445,0.12207,3.36079,0.41435,0.29921,0.99487,0.58281,0.75656,0.25078,0.55768
2024-03-20 16:00:00.000,2024-04-19 16:00:00.000,4.90812,9.84333,8.68953,,7.43493,1.10013,1.05852,0.76448,1.6124,3.05067,0.48083,,,8.68953,0.0,0.02001,0.0,0.0,0.01923,0.01009,0.0,4.90812,0.0,0.0,0.0,9.65428,1.54419,11.08021,2.08922,5.42992,5.07747,6.17848,4.01634,0.93475,0.78367,3.66536,1.58527,0.88562,4.90812,1.10013,0.76448,5.04926,1.86907,0.80463,4.78027,1.37055,0.35046,3.37437,1.18789,0.42579,3.98295,1.89992,0.29522,0.82393,1.06517,1.72953,0.24671,0.54287,0.71463,0.00076,0.17331,0.00783,6.62207,0.04305,1.07271,4.3397,0.54038,0.88919,0.62906,0.78685,1.86845,0.85378,0.89723
2024-03-30 16:00:00.000,2024-04-29 16:00:00.000,1.28348,4.82642,4.67057,,,3.07609,0.97486,0.48022,1.40687,2.79953,0.90679,4.86543,,4.67057,0.0,0.02001,0.0,0.0,0.01819,0.00126,0.0,1.28348,0.0,0.0,0.0,5.81264,5.07238,4.42305,3.10459,6.74383,4.23569,0.672,1.07301,3.87951,0.61832,0.53594,3.81569,0.57551,1.28348,3.07609,0.48022,0.86502,4.47516,0.52217,1.29865,3.84043,0.64257,1.31866,4.28602,0.66663,0.85394,2.9961,0.73975,0.36112,0.79721,1.12208,0.55123,0.40865,0.90864,0.00091,0.0,0.13438,1.63465,0.01723,0.02191,1.12129,2.28681,3.15202,2.03721,4.94494,4.44618,6.46115,1.74043
2024-04-09 16:00:00.001,2024-05-09 16:00:00.000,1.66243,3.95587,2.66343,5.58341,6.07214,2.95284,0.38914,1.03844,0.96999,1.56428,1.24936,0.31352,5.88864,2.66343,0.0,0.02001,0.0,0.0,0.01689,0.00252,0.0,1.66243,0.0,0.0,0.0,7.70372,4.09799,1.85486,1.94479,3.94192,1.95089,0.10876,1.58573,1.1124,0.92966,1.46326,2.87072,0.15185,1.66243,2.95284,1.03844,1.72256,1.58798,0.65412,1.18148,1.33055,0.83584,1.86235,3.39421,1.1607,1.08938,4.30297,0.95563,0.35643,0.61852,0.71248,0.13629,0.71831,1.03145,0.02181,0.10288,0.0,2.0676,0.02445,0.40432,2.70053,2.42764,3.05131,2.7816,3.64252,2.29225,3.82226,3.1145
2024-04-19 16:00:00.000,2024-05-19 16:00:00.000,3.74773,5.41788,1.17916,3.22595,6.76218,2.04894,0.68272,1.52922,0.59309,0.47578,1.92674,2.66212,3.1588,1.17916,0.0,0.02001,0.0,0.0,0.0167,0.01224,0.0,3.74773,0.0,0.0,0.0,9.88912,2.58743,7.28531,2.83538,2.50045,1.76948,0.0,4.97087,3.93233,1.83515,3.24883,1.8879,0.70274,3.74773,2.04894,1.52922,2.34088,1.74602,0.54489,2.5121,2.20884,0.80654,3.51293,2.17743,0.99744,1.54535,1.76126,0.7322,1.00805,1.32671,0.84484,1.19446,1.34797,1.54023,0.08109,0.60409,0.0317,0.0,0.23566,4.11964,3.9361,4.8161,0.47643,1.1802,1.02187,0.51548,0.68382,1.95958
2024-04-29 16:00:00.000,2024-05-29 16:00:00.000,0.80791,0.89743,2.50271,8.62117,3.44075,1.09619,0.89431,0.19184,0.15987,0.36708,0.14525,0.4361,7.31352,2.50271,0.0,0.02001,0.0,0.0,0.01835,0.01576,0.0,0.80791,0.0,0.0,0.0,7.5927,1.78786,8.54087,0.55464,4.37762,0.91739,0.33017,1.90105,1.57962,0.67577,1.19781,1.30215,0.29553,0.80791,1.09619,0.19184,0.71322,1.39009,0.45046,0.35012,1.96762,0.33403,0.43628,1.8867,0.54268,0.91476,1.43633,0.29592,0.44461,0.54403,0.25445,0.3412,1.03096,0.7818,0.10296,0.00447,0.52336,0.67749,0.06076,0.05533,0.90326,0.62358,1.08705,0.72472,1.37052,1.69544,1.24539,0.7944
2024-05-09 16:00:00.000,2024-06-08 16:00:00.000,1.30959,1.06347,3.60094,5.59681,2.46358,6.0788,0.62392,0.18585,0.3234,0.63775,0.26439,0.41219,2.8214,3.60094,0.0,0.02001,0.0,0.0,0.0134,0.01464,0.0,1.30959,0.0,0.0,0.0,8.19804,1.76884,4.2227,2.1575,7.02075,2.08841,1.87073,1.1186,5.50214,0.78964,1.90792,4.4446,0.50692,1.30959,6.0788,0.18585,1.5592,6.49108,0.40742,1.32498,6.83633,0.19657,1.5811,6.23611,0.0947,1.07827,1.04765,0.25095,1.64398,1.91572,0.31792,1.05013,1.95693,0.53613,0.3613,0.00791,0.52336,3.06345,0.05744,0.09057,2.85823,0.20147,4.59778,2.16534,1.93105,4.75658,2.38842,1.09097
2024-05-19 16:00:00.000,2024-06-18 16:00:00.000,3.08543,5.95826,3.37258,0.51223,4.97431,3.05084,0.9713,0.6321,0.32281,0.43586,0.86619,3.97326,0.29841,3.37258,0.0,0.02001,0.0,0.0,0.01296,0.01485,0.0,3.08543,0.0,0.0,0.0,4.57275,6.38202,1.80098,5.53856,7.56999,2.75238,1.87073,1.79285,3.13118,0.47788,2.69533,1.95681,0.3487,3.08543,3.05084,0.6321,2.71681,1.49069,0.28138,1.84492,1.02922,0.21119,2.53676,2.9387,0.62875,1.24583,0.63891,0.83824,0.53654,1.2739,0.72175,0.5037,0.68444,0.61602,0.00613,0.46238,0.35365,3.06345,0.07478,0.5472,5.24164,0.88469,1.48784,1.80309,0.67192,0.93591,0.81601,0.483
2024-05-29 16:00:00.000,2024-06-28 16:00:00.000,1.63006,4.8855,2.31975,5.25887,6.41973,1.7502,0.86981,0.20602,0.33896,0.25518,0.13693,3.75078,7.15814,2.31975,0.0,0.02001,0.0,0.0,0.01923,0.01009,0.0,1.63006,0.0,0.0,0.0,2.3926,5.22288,2.81247,1.25343,4.75499,0.82481,1.56405,1.12876,0.94106,0.81441,1.9285,1.10974,0.25804,1.63006,1.7502,0.20602,1.19852,1.62239,0.27776,1.25362,1.68281,0.11974,1.57281,0.97548,0.40333,1.38767,0.9069,0.78165,0.25835,0.69437,0.51621,0.46341,0.67133,0.3494,0.12306,0.041,0.0,2.06077,0.0334,0.3125,2.86409,1.06397,1.26547,0.6847,0.89743,1.40848,0.66111,0.81706
2024-06-08 16:00:00.000,2024-07-08 16:00:00.000,0.34792,2.74725,2.13228,9.60171,2.03183,0.83736,0.70621,0.4272,0.14747,0.29143,0.24808,1.06322,9.96539,2.13228,0.0,0.02001,0.0,0.0,0.01819,0.00126,0.0,0.34792,0.0,0.0,0.0,5.32459,0.31566,11.0801,1.21292,11.66311,2.09263,0.0,1.19076,2.0758,1.46731,0.77394,1.11587,1.31961,0.34792,0.83736,0.4272,0.35473,0.52074,0.2971,0.25909,1.6453,0.20735,1.30555,1.17979,1.2445,0.67348,0.79188,0.43172,1.20094,0.83074,0.80743,1.60825,1.2796,1.13717,0.53891,0.18826,0.0,0.0,0.09372,0.90021,1.99504,1.39831,1.6474,1.1404,1.01074,2.81809,0.37098,1.22296
2024-06-18 16:00:00.000,2024-07-18 16:00:00.000,0.38633,2.11336,5.08758,6.84117,6.15705,0.44146,0.35284,0.24541,0.25882,0.43986,0.48459,0.0,4.82952,5.08758,0.0,0.02001,0.0,0.0,0.01689,0.00252,0.0,0.38633,0.0,0.0,0.0,10.82487,3.99834,5.86216,0.15196,10.84949,3.96598,0.0,0.91667,1.44523,0.57334,0.65474,0.32963,0.33621,0.38633,0.44146,0.24541,0.33188,0.45807,0.19169,0.43833,0.65902,0.27476,1.94499,0.92513,0.32533,1.32084,0.92149,0.51153,0.41159,0.59145,0.36589,0.69421,0.41391,0.45658,0.07675,0.01489,0.0,0.0,0.004,0.21465,1.46248,0.79294,0.26089,0.40254,0.28612,0.6022,0.29798,0.95715
2024-06-28 16:00:00.000,2024-07-28 16:00:00.001,0.99322,2.02497,2.44233,3.40951,1.20153,0.71531,0.76611,0.37562,0.36856,0.62322,0.07742,0.0,1.81436,2.44233,0.0,0.02001,0.0,0.0,0.0167,0.01224,0.0,0.99322,0.0,0.0,0.0,7.79379,6.05719,6.9346,1.95233,5.68996,4.7605,0.0,1.699,0.80562,0.68654,0.69433,0.52609,0.18081,0.99322,0.71531,0.37562,1.0639,1.07893,0.62983,0.82164,0.49193,0.49855,2.112,0.38082,0.67772,1.87796,0.87472,0.72207,0.26468,0.7304,0.34291,0.67778,0.35189,0.31312,0.0,0.09975,0.0,0.0,0.04305,0.10523,3.52485,0.54167,0.5875,0.45828,1.09861,0.22077,0.6317,0.30803
2024-07-08 16:00:00.000,2024-08-07 16:00:00.000,1.32648,7.04628,5.88481,4.68954,1.98488,1.07619,0.33359,0.68569,0.20264,0.2005,0.24755,0.0,0.0,5.88481,0.0,0.02001,0.0,0.0,0.01835,0.01576,0.0,1.32648,0.0,0.0,0.0,4.42397,3.40858,7.10125,3.45478,7.52447,2.05692,0.0,1.91012,0.71437,0.48554,1.54993,0.63204,0.20821,1.32648,1.07619,0.68569,0.64423,1.38494,0.26806,0.72871,1.0425,0.31227,0.60084,1.51586,0.13781,0.51289,0.46306,0.34817,0.52462,0.58531,0.24689,1.43444,0.46101,0.37544,0.0119,0.02282,0.0,0.0,0.01429,0.20441,2.5974,0.4577,0.92536,0.57288,0.74179,0.57648,1.49303,0.61276
2024-07-18 16:00:00.000,2024-08-17 16:00:00.000,0.93251,5.87807,3.86158,,3.14282,0.41988,0.43241,0.2001,0.19014,0.07196,0.2318,0.0,0.0,3.86158,0.0,0.02001,0.0,0.0,0.0134,0.01464,0.0,0.93251,0.0,0.0,0.0,10.01849,1.90955,6.35208,3.87107,9.57583,3.09878,0.0,1.56124,0.91905,0.38463,0.88126,0.83368,0.34352,0.93251,0.41988,0.2001,0.40167,0.61581,0.32423,0.8415,0.78347,0.24858,1.68848,2.51579,0.41233,0.75624,2.3126,0.655,1.16469,0.09943,0.46316,1.17162,0.17422,0.29643,0.07266,0.00062,0.0,0.0,0.004,0.12004,0.8548,0.18516,0.46195,0.13189,0.44523,0.3356,2.37906,2.09807
2024-07-28 16:00:00.001,2024-08-27 16:00:00.000,0.18187,2.30223,2.85063,,2.83797,0.48334,0.29273,0.27698,0.34443,0.11671,0.13799,0.0,0.0,2.85063,0.0,0.02001,0.0,0.0,0.01296,0.01485,0.0,0.18187,0.0,0.0,0.0,8.24256,3.99258,2.0033,3.9229,7.45566,3.10974,0.0,0.25282,0.90691,0.17028,0.68672,1.00363,0.40788,0.18187,0.48334,0.27698,0.45782,0.78286,0.10053,0.45967,0.83582,0.22514,1.24888,1.4349,0.1613,0.8459,1.42478,0.69735,0.46146,0.10839,0.60961,0.37059,0.29542,0.50098,0.02687,0.00593,0.0,0.0,0.05807,0.14449,0.31736,0.49078,0.56318,0.33258,0.99161,0.36026,0.79954,1.22153
2024-08-07 16:00:00.000,2024-09-06 16:00:00.000,0.8631,0.90846,1.92204,3.26316,1.36833,1.07415,0.32865,0.37148,0.24601,0.63987,0.27421,0.0,0.0,1.92204,0.0,0.02001,0.0,0.0,0.01923,0.01009,0.0,0.8631,0.0,0.0,0.0,4.61375,4.71962,9.85898,1.39223,6.64988,1.45327,0.0,0.44691,1.23392,0.18774,0.6742,0.98307,0.4984,0.8631,1.07415,0.37148,0.51981,0.75376,0.44779,0.35575,0.65262,0.68535,0.59546,0.68138,0.14152,0.99078,0.64396,0.61546,0.66081,0.18136,0.5775,0.18114,0.0778,0.70982,0.02282,0.11474,0.0,0.0,0.00338,0.05316,1.18633,0.78103,0.55922,0.98524,0.86676,0.36357,0.36902,0.47494
2024-08-17 16:00:00.000,2024-09-16 16:00:00.000,1.15516,3.27291,1.7724,1.98997,0.84946,0.58633,0.17732,0.0749,0.18377,0.36585,0.31075,0.0,0.0,1.7724,0.0,0.02001,0.0,0.0,0.01819,0.00126,0.0,1.15516,0.0,0.0,0.0,9.79119,3.07099,4.59991,0.6388,10.27124,1.17015,0.0,2.41624,1.77781,0.05975,2.85673,0.79791,0.0826,1.15516,0.58633,0.0749,0.70392,1.06296,0.72545,1.65275,1.26152,0.79008,1.23187,0.66834,0.23025,0.84552,0.83557,0.43523,0.27951,0.38236,0.2527,0.48125,0.34323,0.17992,0.0104,0.04565,0.0,0.0,0.03237,0.05517,2.2667,1.46751,1.0177,0.69495,1.04276,1.05544,0.76713,0.57459
2024-08-27 16:00:00.000,2024-09-26 16:00:00.000,0.9548,4.19495,1.53046,7.71418,1.25827,0.54863,1.22859,0.18212,0.11465,0.4533,0.50926,0.0,0.0,1.53046,0.0,0.02001,0.0,0.0,0.01689,0.00252,0.0,0.9548,0.0,0.0,0.0,7.599,2.20319,2.43886,5.35444,5.72709,5.09387,0.0,2.33827,1.35762,0.19007,3.94182,0.64525,0.72644,0.9548,0.54863,0.18212,0.79998,2.20637,0.93658,1.55886,1.25274,1.19361,0.35141,0.91364,0.20078,1.06426,2.1682,0.95465,0.98642,0.96606,0.65392,1.05878,0.68879,0.51665,0.06504,0.14017,0.05744,0.0,0.0,1.07344,1.79579,1.10984,1.04508,0.36706,0.96874,0.8552,0.90472,1.00253
2024-09-06 16:00:00.000,2024-10-06 16:00:00.000,0.64917,3.46932,2.45615,7.70485,2.7178,2.06883,0.77279,0.16016,0.11731,0.14364,0.37917,0.0,0.0,2.45615,0.0,0.02001,0.0,0.0,0.0167,0.01224,0.0,0.64917,0.0,0.0,0.0,6.94223,2.12566,4.31253,4.08262,2.39484,2.83341,0.0,2.32747,1.71822,0.94143,2.9179,1.84957,2.29676,0.64917,2.06883,0.16016,1.0817,3.13108,1.79899,1.55695,1.95997,0.97121,0.08489,3.07242,0.33437,0.96644,5.11219,0.78852,2.00269,1.63208,1.18187,1.6904,1.01078,1.10973,0.8158,0.00461,0.17649,0.0,0.07675,0.78538,2.48807,1.13508,1.1718,0.23845,1.15282,1.52968,1.03805,1.62371
2024-09-16 16:00:00.000,2024-10-16 16:00:00.000,1.26076,3.43809,3.64893,9.55939,6.62115,2.7208,0.29702,0.48863,0.32849,0.50378,0.19449,0.52855,0.52336,3.64893,0.0,0.02001,0.0,0.0,0.01835,0.01576,0.0,1.26076,0.0,0.0,0.0,8.23869,2.41217,5.78659,4.71737,2.35063,4.12177,0.0,6.27373,1.94119,2.94061,5.33604,3.25036,3.57448,1.26076,2.7208,0.48863,1.73442,2.02724,1.33004,1.84171,5.03266,1.1475,0.33423,0.86168,0.30562,1.42451,5.52471,0.50754,2.08565,2.27021,0.8123,1.31827,1.07711,0.9856,0.2922,0.11287,0.1591,0.0,0.42629,1.28625,2.42391,0.54756,1.7602,0.39536,0.54729,0.79348,0.69464,0.71613
2024-09-26 16:00:00.000,2024-10-26 16:00:00.000,0.9317,5.03174,6.89338,8.10433,7.53702,0.55449,0.65189,0.19308,0.08059,0.366,0.10506,1.13188,3.2158,6.89338,0.0,0.02001,0.0,0.0,0.0134,0.01464,0.0,0.9317,0.0,0.0,0.0,7.19699,7.29126,4.90651,5.08882,2.9132,6.75513,0.0,3.96143,2.48118,1.00294,2.57545,1.78716,0.48418,0.9317,0.55449,0.19308,1.09454,2.69294,0.3819,0.89292,2.26156,0.27085,1.22655,0.50161,0.29316,0.87002,3.8018,0.1438,0.47915,0.46855,0.36421,0.60498,1.04113,0.386,0.01859,0.0005,0.03708,0.0,0.05744,0.08029,1.0348,0.77065,0.83983,0.2762,0.14533,1.0331,0.29006,0.55176
2024-10-06 16:00:00.000,2024-11-05 16:00:00.001,3.3675,7.90022,7.02566,8.47442,9.22604,1.92971,1.50509,0.34822,0.39048,0.71539,0.62394,5.3108,6.57822,7.02566,0.0,0.02001,0.0,0.0,0.01296,0.01485,0.0,3.3675,0.0,0.0,0.0,8.02704,4.66482,12.30491,5.37839,8.71799,9.1284,0.0,1.72297,1.76786,0.25329,0.8686,2.06304,0.78212,3.3675,1.92971,0.34822,1.06527,2.87008,0.40282,0.7518,3.78224,0.45748,3.96135,2.19803,0.27272,0.60859,1.48472,1.31262,0.96373,0.1654,0.15428,2.10767,0.269,0.76971,0.2451,0.03373,0.078,0.0,0.00185,0.0673,4.46155,0.94853,1.23757,0.80597,1.13601,1.78009,2.47499,1.10781
2024-10-16 16:00:00.000,2024-11-15 16:00:00.000,2.38942,9.2972,6.54186,,9.65582,2.12905,1.53076,0.26403,0.97133,1.16987,0.20211,9.39287,10.80253,6.54186,0.0,0.02001,0.0,0.0,0.01923,0.01009,0.0,2.38942,0.0,0.0,0.0,11.37677,3.48314,7.03558,4.6406,11.35774,8.66564,0.70561,1.2984,1.86526,1.3412,2.73393,0.50837,1.51207,2.38942,2.12905,0.26403,1.45307,3.03671,1.05523,1.21404,6.16509,0.85237,3.9519,1.47255,0.1586,2.41104,2.26596,0.73726,1.25817,0.91226,0.25462,1.19077,0.61361,1.27354,0.09372,0.12885,0.00216,1.88516,0.09713,0.18627,2.75559,2.89081,0.7917,1.97723,2.22244,4.74116,0.81811,2.76415
2024-10-26 16:00:00.000,2024-11-25 16:00:00.000,0.44777,2.01476,2.52701,6.74677,8.39549,2.16854,0.4228,0.33184,0.41798,1.18991,0.12874,0.65669,9.41349,2.52701,0.0,0.02001,0.0,0.0,0.01819,0.00126,0.0,0.44777,0.0,0.0,0.0,9.7604,1.4337,9.10413,6.76645,9.6215,1.62482,0.02005,0.48558,1.09038,0.33834,0.30407,0.79912,0.53425,0.44777,2.16854,0.33184,0.63218,1.95604,0.59229,0.55845,2.50598,0.27199,0.76692,1.4632,0.31855,0.31208,3.26775,0.24976,0.59674,0.57632,0.27576,1.1561,0.97386,0.74882,0.0,0.07538,0.00216,0.63798,0.00801,0.07893,0.56264,1.35629,1.69595,2.19262,1.36767,2.7598,1.38302,1.78926
2024-11-05 16:00:00.001,2024-12-05 16:00:00.000,2.28963,1.69303,1.87089,0.73276,9.87551,1.776,1.66113,0.55856,0.5921,0.32603,0.38767,1.98229,2.56368,1.87089,0.0,0.02001,0.0,0.0,0.01689,0.00252,0.0,2.28963,0.0,0.0,0.0,7.02037,3.36393,7.68706,4.17922,6.53969,4.27817,0.70561,1.20111,1.69147,0.45612,1.40662,1.72548,1.12235,2.28963,1.776,0.55856,2.00178,1.54719,0.48804,0.75076,1.56722,0.25256,2.99514,3.73914,0.28208,2.22964,4.10855,1.09806,0.8185,0.72139,0.35144,1.35723,0.88655,0.75527,0.09372,0.0,0.12343,3.14289,0.03708,0.00224,1.70211,2.647,3.21248,2.21506,2.21896,1.95756,3.50463,3.05157
2024-11-15 16:00:00.000,2024-12-15 16:00:00.000,3.62547,,9.08991,2.34917,1.87141,1.36178,0.66696,0.68169,1.08583,1.62137,0.75369,,2.15854,9.08991,0.0,0.02001,0.0,0.0,0.0167,0.01224,0.0,3.62547,0.0,0.0,0.0,6.781,6.49593,8.54993,2.4518,8.69431,3.35579,4.85544,3.29701,1.79486,0.90601,4.91173,2.3403,2.8446,3.62547,1.36178,0.68169,4.94853,2.73255,1.07502,2.92224,2.31402,0.61118,2.97347,2.8764,0.50189,4.08794,2.76829,1.21225,1.3882,2.06164,1.5382,1.00035,0.76521,0.98196,1.07271,0.30923,0.43744,6.92318,0.04237,0.23438,5.56002,1.93205,1.33104,0.78943,1.24766,0.91944,1.81595,2.32697
2024-11-25 16:00:00.000,2024-12-25 16:00:00.000,2.36968,7.75653,6.62279,,2.35571,1.81205,0.91625,0.49862,1.59317,2.39225,0.87686,5.32632,,6.62279,0.0,0.02001,0.0,0.0,0.01835,0.01576,0.0,2.36968,0.0,0.0,0.0,6.95904,5.12643,7.91598,2.45336,4.74908,2.55834,2.50811,2.47107,0.86501,0.59481,3.04612,2.31452,1.50265,2.36968,1.81205,0.49862,2.317,1.58136,0.82764,1.79464,3.4592,0.97439,1.94464,2.26303,0.46292,3.14263,3.16741,1.07874,0.74226,1.18292,1.32297,1.49246,1.26473,0.75749,0.12343,0.09516,0.35365,3.61237,0.11285,0.36666,3.2936,0.85921,0.78683,0.73941,0.72971,1.20758,1.25154,2.27239
2024-12-05 16:00:00.000,2025-01-04 16:00:00.000,0.75311,4.07025,2.70643,,,1.56085,0.55652,0.15118,0.41161,1.11709,0.60517,2.25547,,2.70643,0.0,0.02001,0.0,0.0,0.0134,0.01464,0.0,0.75311,0.0,0.0,0.0,3.62169,5.56129,10.64214,5.47668,2.7368,2.57977,1.07271,1.12281,4.38252,0.41121,0.85538,3.34232,0.196,0.75311,1.56085,0.15118,0.65981,2.05777,0.40111,0.48744,4.03887,0.35334,0.51076,4.69402,0.11702,0.85769,6.55434,0.17641,0.48456,0.69165,0.61022,0.31511,1.22349,1.05724,0.00261,0.13041,0.12004,0.88133,0.01609,1.17345,1.07041,3.04458,3.8118,1.56359,2.40762,2.89155,4.77129,3.73548
2024-12-15 16:00:00.000,2025-01-14 16:00:00.000,0.18975,1.30823,1.49722,6.92624,7.24006,2.36731,0.39601,0.11971,0.2098,0.20418,0.26958,0.15673,6.2915,1.49722,0.0,0.02001,0.0,0.0,0.01296,0.01485,0.0,0.18975,0.0,0.0,0.0,5.45544,6.9855,6.25139,4.43226,5.1141,2.58519,0.0,0.52117,1.09742,0.4016,0.40059,0.97571,0.18673,0.18975,2.36731,0.11971,0.43249,1.0398,0.74085,1.00684,0.54593,0.5488,0.47215,1.00864,0.40278,0.58866,1.15899,0.22563,0.19616,0.22343,0.58465,0.15667,0.59723,1.22537,0.0,0.00103,0.0,0.0,0.00781,0.19727,0.27506,0.86704,1.16256,1.53427,1.25534,0.84024,1.31309,1.41287
2024-12-25 16:00:00.000,2025-01-24 16:00:00.000,0.83202,1.85085,11.19089,4.4408,8.35319,0.36949,0.30987,1.11181,0.99927,0.36596,0.55049,0.0,3.20043,11.19089,0.0,0.02001,0.0,0.0,0.01923,0.01009,0.0,0.83202,0.0,0.0,0.0,7.0029,3.63526,9.75134,1.60678,11.14277,1.72755,0.0,1.06315,0.53461,0.49005,2.03528,1.10564,1.37167,0.83202,0.36949,1.11181,1.37262,0.78388,0.41645,1.4405,0.58585,0.4463,1.32854,0.66718,0.83039,1.88827,0.77938,1.63952,1.3157,0.43057,0.5379,0.512,0.26797,0.24939,0.07285,0.06578,0.0,0.0,0.00682,0.05211,2.30694,0.16199,0.44383,0.81622,0.24593,0.34018,0.64412,0.38604
2025-01-04 16:00:00.000,2025-02-03 16:00:00.000,0.35516,1.6596,4.83873,6.03085,4.73949,0.17503,0.31101,0.24026,0.42869,0.23527,0.11264,0.0,0.61809,4.83873,0.0,0.02001,0.0,0.0,0.01819,0.00126,0.0,0.35516,0.0,0.0,0.0,6.3206,2.14884,7.86107,2.64049,7.28079,2.48503,0.0,1.10745,1.10803,0.5729,3.02585,0.66963,0.83578,0.35516,0.17503,0.24026,1.01639,0.83503,0.46191,1.94005,1.58209,0.50637,1.40577,1.16332,0.79356,2.47973,1.35937,1.20546,0.94294,0.34784,0.27912,0.49062,0.18377,0.06701,0.10633,0.01513,0.0,0.0,0.03741,0.00791,2.86299,0.55146,0.93182,0.43414,0.23984,0.8641,0.85933,0.66476
2025-01-14 16:00:00.000,2025-02-13 16:00:00.001,0.31855,1.08009,4.32884,8.21109,6.31799,0.27237,0.52538,0.43447,0.37713,0.42915,0.48246,0.0,0.0,4.32884,0.0,0.02001,0.0,0.0,0.01689,0.00252,0.0,0.31855,0.0,0.0,0.0,7.21172,7.35887,6.62251,5.25344,6.65974,5.67261,0.0,0.71103,0.71443,0.26341,1.41136,0.99516,0.42546,0.31855,0.27237,0.43447,0.53204,0.61819,0.20949,1.16216,1.22231,0.25587,0.99062,0.3383,0.70629,0.60377,0.53831,0.42752,0.30691,0.19685,0.3934,0.42185,0.23583,0.20936,0.23267,0.01429,0.0,0.0,0.01827,0.00049,1.36472,0.84639,0.77613,0.35407,0.196,0.38044,0.16015,0.36811
2025-01-24 16:00:00.000,2025-02-23 16:00:00.000,0.5232,2.65599,5.01861,2.73063,7.84685,0.35638,0.68563,0.68482,0.64389,0.47489,0.6159,0.0,0.0,5.01861,0.0,0.02001,0.0,0.0,0.0167,0.01224,0.0,0.5232,0.0,0.0,0.0,6.16753,4.67651,3.69686,3.11024,4.70262,3.90648,0.0,0.72591,0.12273,0.34676,0.95322,0.51624,0.3427,0.5232,0.35638,0.68482,0.18524,0.11709,0.15347,0.62759,0.6622,0.35,0.3884,0.30888,0.15455,0.27546,0.52881,0.80473,0.222,0.44487,0.51097,0.29731,0.54071,0.47551,0.09415,0.05178,0.0,0.0,0.00073,0.00049,0.45616,0.13955,0.22133,0.87689,0.2042,0.13131,0.22714,0.83954
2025-02-03 16:00:00.000,2025-03-05 16:00:00.000,0.24927,1.83705,2.25037,0.80019,6.94327,0.39514,0.40074,0.48719,0.16947,0.45822,0.4661,0.0,0.0,2.25037,0.0,0.02001,0.0,0.0,0.01835,0.01576,0.0,0.24927,0.0,0.0,0.0,6.23161,2.62589,2.90575,3.57903,5.4075,5.07934,0.0,0.53216,0.92595,0.21698,0.50852,0.26011,0.3517,0.24927,0.39514,0.48719,0.11081,0.07929,0.51133,1.02228,0.13825,0.20019,0.70988,0.36074,0.22568,0.18769,0.37931,0.24346,0.15376,0.22896,0.21558,0.19734,0.53483,0.16259,0.00111,0.00111,0.0,0.0,0.00068,0.00791,0.39649,0.43452,0.21215,0.55544,0.10737,0.12847,0.15771,0.32605
2025-02-13 16:00:00.001,2025-03-15 16:00:00.000,0.38851,1.33825,1.92891,2.51913,6.71159,0.28416,0.22153,0.19204,0.08755,0.164,0.49433,0.0,0.0,1.92891,0.0,0.02001,0.0,0.0,0.0134,0.01464,0.0,0.38851,0.0,0.0,0.0,9.38705,2.40101,9.75057,2.47491,9.66219,2.50526,0.0,0.49333,0.46121,0.18824,0.56532,0.40821,0.20294,0.38851,0.28416,0.19204,0.36242,0.22345,0.13526,0.32704,0.3787,0.41723,0.67971,0.35472,0.37769,0.57298,0.58424,0.57454,0.87035,0.82987,0.15055,0.54437,0.28895,0.32162,0.087,0.06578,0.02492,0.0,0.01827,0.00198,0.23201,0.7223,0.46497,0.36219,0.26927,0.47621,0.04566,0.66935
2025-02-23 16:00:00.000,2025-03-25 16:00:00.000,0.32072,1.0957,0.66249,1.53517,5.13822,0.23073,0.19777,0.33817,0.09843,0.20415,0.16609,0.0,0.0,0.66249,0.0,0.02001,0.0,0.0,0.01296,0.01485,0.0,0.32072,0.0,0.0,0.0,7.59983,4.34707,8.118,2.43632,8.0892,2.49598,0.0,0.5447,0.45385,0.05659,0.3208,0.34993,0.21724,0.32072,0.23073,0.33817,0.38318,0.16782,0.19094,0.52084,0.51439,0.57629,0.31918,0.51678,0.32163,0.4829,0.36854,0.538,0.14971,0.29407,0.21483,0.1873,0.21804,0.29678,0.07074,0.03653,0.02492,0.0,0.00076,0.02427,0.17178,0.57931,0.36424,0.42408,0.39053,0.34446,0.28644,0.72651
2025-03-05 16:00:00.000,2025-04-04 16:00:00.000,0.27701,0.36005,3.22366,5.39273,11.37877,0.33989,0.36957,0.29565,0.11308,0.22595,0.26997,0.0,0.0,3.22366,0.0,0.02001,0.0,0.0,0.01923,0.01009,0.0,0.27701,0.0,0.0,0.0,6.0217,3.14766,5.97015,2.24887,5.6104,2.99156,0.0,0.41459,0.19078,0.04091,0.29646,0.24075,0.16227,0.27701,0.33989,0.29565,0.45424,0.26827,0.12583,0.36843,0.9641,0.18699,0.55844,0.14569,0.03851,0.68238,0.55918,0.52118,0.40565,0.34723,0.51634,0.19307,0.40334,0.51231,0.00111,0.00933,0.02492,0.0,0.05238,0.04026,0.26657,0.16559,0.22133,0.68822,0.39385,0.91599,0.15982,0.42653
2025-03-15 16:00:00.000,2025-04-14 16:00:00.000,0.48146,1.67202,1.81669,2.49881,6.97164,0.37184,0.18544,0.24076,0.12538,0.38191,0.35498,0.0,0.0,1.81669,0.0,0.02001,0.0,0.0,0.01819,0.00126,0.0,0.48146,0.0,0.0,0.0,9.46728,2.32753,3.63515,1.74491,7.14612,1.52847,0.0,0.64852,0.22889,0.08399,0.5748,0.52404,0.43581,0.48146,0.37184,0.24076,0.47727,0.53627,0.32826,1.17177,1.68805,0.48034,1.5487,0.87503,0.1781,0.39926,0.2993,0.41874,0.27075,0.52456,0.34876,0.2455,0.33785,0.36302,0.05583,0.17547,0.03975,0.0,0.00781,0.06737,0.32281,0.36586,0.35801,0.44003,0.78544,1.66927,0.87275,1.12055
2025-03-25 16:00:00.000,2025-04-24 16:00:00.001,0.7644,2.26936,1.88807,2.32814,3.75834,0.60836,0.21253,0.51722,0.64787,0.44884,0.4953,0.0,0.0,1.88807,0.0,0.02001,0.0,0.0,0.01689,0.00252,0.0,0.7644,0.0,0.0,0.0,10.87772,10.14714,3.37614,2.53702,11.18821,3.47989,0.0,0.17933,0.16486,0.30214,0.63717,0.77254,0.11544,0.7644,0.60836,0.51722,0.55399,1.01856,0.16336,1.37298,2.48026,1.29115,1.46287,1.24692,0.30724,0.15663,0.39148,0.18146,0.75445,1.03997,0.50341,0.44927,0.62581,0.51052,0.02024,0.16611,0.10017,0.0,0.03237,0.05305,0.50252,0.38281,0.27409,0.76745,0.54004,0.94515,1.14155,0.42695
2025-04-04 16:00:00.000,2025-05-04 16:00:00.002,0.70715,1.03635,5.10726,7.73292,11.17898,0.24598,0.33926,0.73418,0.60736,0.20884,0.31478,0.0,0.0,5.10726,0.0,0.02001,0.0,0.0,0.0167,0.01224,0.0,0.70715,0.0,0.0,0.0,9.07207,8.00169,2.47242,2.32444,7.85118,2.85458,0.0,1.11739,1.17662,0.48747,1.35544,1.23169,0.2196,0.70715,0.24598,0.73418,0.36883,2.68895,0.21277,0.60176,1.34591,0.61402,1.06836,1.23999,0.50082,0.14788,0.17184,0.22896,0.67209,0.84762,0.28117,0.64763,0.47332,0.35275,0.02024,0.05006,0.10017,0.0,0.00825,0.07289,1.09769,1.32748,0.6536,0.22266,0.22134,0.32332,0.17844,0.14653
2025-04-14 16:00:00.000,2025-05-14 16:00:00.002,0.4612,3.77134,4.3723,,5.24602,0.27889,0.2447,0.2354,0.31901,0.55675,0.4329,0.0,0.0,4.3723,0.0,0.02001,0.0,0.0,0.01835,0.01576,0.0,0.4612,0.0,0.0,0.0,6.70063,5.32218,5.12858,1.86303,4.77027,1.33894,0.0,0.72291,0.34466,0.51589,0.76706,1.08781,0.20009,0.4612,0.27889,0.2354,0.42474,0.53488,0.18309,0.34953,2.537,0.25704,0.81536,2.20564,0.28897,0.5485,0.757,0.42133,0.37228,0.35791,0.28531,0.28996,0.39424,0.20676,0.17828,0.04802,0.00801,0.0,0.00356,0.06737,0.9709,0.26598,0.22354,0.11992,0.30135,0.45292,0.52437,0.5253
2025-04-24 16:00:00.001,2025-05-24 16:00:00.003,0.28404,3.3128,2.47188,8.17115,9.12359,0.56923,0.32739,0.1531,0.17966,0.77442,0.14587,0.0,0.0,2.47188,0.0,0.02001,0.0,0.0,0.0134,0.01464,0.0,0.28404,0.0,0.0,0.0,8.64803,2.19893,9.27959,3.6409,9.7757,1.77693,0.0,0.49042,0.51479,0.30869,0.53238,1.47257,0.66103,0.28404,0.56923,0.1531,0.83652,1.10566,0.69928,0.17685,0.3646,0.35734,0.59372,1.48308,0.22726,0.5266,0.75912,0.3493,0.286,0.09045,0.41338,0.47627,0.44331,0.37521,0.02024,0.05978,0.15153,0.0,0.04305,0.06213,0.36983,0.40705,0.16465,0.59644,0.67263,0.29978,0.3323,0.55068
2025-05-04 16:00:00.002,2025-06-03 16:00:00.001,0.42048,2.68328,6.00182,4.74433,,0.25676,0.42185,0.32975,0.0969,1.04201,0.35851,0.0,0.0,6.00182,0.0,0.02001,0.0,0.0,0.01296,0.01485,0.0,0.42048,0.0,0.0,0.0,6.1823,1.01761,2.38048,4.73682,5.47011,4.55016,0.0,0.61739,1.03593,0.07721,0.49043,0.65927,0.18282,0.42048,0.25676,0.32975,0.59521,0.47053,0.35988,0.28878,0.23025,0.39019,0.47305,0.66261,0.34256,0.27447,0.32077,0.1731,0.48755,0.5706,0.52254,0.51039,0.33777,0.6932,0.03047,0.01146,0.15153,0.0,0.0,0.06199,0.45868,1.34405,0.5367,0.31566,0.63707,0.15103,0.28355,0.91558
2025-05-14 16:00:00.002,2025-06-13 16:00:00.004,0.4869,1.22161,0.54587,2.79387,6.42899,0.34537,0.38693,0.2644,0.34834,0.09781,0.27717,0.0,0.0,0.54587,0.0,0.02001,0.0,0.0,0.01923,0.01009,0.0,0.4869,0.0,0.0,0.0,8.66607,0.83584,5.22173,3.66872,8.78576,2.31811,0.0,0.65103,1.45657,0.49281,0.41211,0.64112,0.18093,0.4869,0.34537,0.2644,0.1875,0.25921,0.26153,0.38841,0.66318,0.32837,0.17324,0.63374,0.30948,0.34122,0.84459,0.2129,0.14676,0.31912,0.58214,0.30587,0.54068,0.21515,0.12892,0.00744,0.00261,0.0,0.00087,0.3643,0.428,0.30003,0.51367,0.19139,0.5376,0.25293,0.46426,0.81113
2025-05-24 16:00:00.003,2025-06-23 16:00:00.013,0.78228,1.13023,0.51568,0.37023,7.96704,0.44385,0.50369,0.24022,0.38817,0.21874,0.45141,0.0,0.0,0.51568,0.0,0.02001,0.0,0.0,0.01819,0.00126,0.0,0.78228,0.0,0.0,0.0,7.78234,1.2751,5.90717,1.73549,8.81661,2.21879,0.0,1.35203,1.15779,1.36342,0.4862,0.3249,0.31748,0.78228,0.44385,0.24022,0.91848,1.20804,0.52224,0.71545,0.55387,0.73628,1.54516,1.45979,0.61932,1.5659,1.62469,1.29934,0.70764,0.51584,0.39584,0.71323,0.73569,0.21964,0.0,0.30557,0.54775,0.0,0.12333,2.18965,0.57988,1.39401,0.51228,0.77556,1.0654,0.69061,1.33302,2.39384
2025-06-03 16:00:00.001,2025-07-03 16:00:00.003,0.6932,0.96364,1.20891,3.23445,5.27195,0.5052,0.37162,0.85672,0.88065,0.31651,1.44559,0.0,0.0,1.20891,0.0,0.02001,0.0,0.0,0.01689,0.00252,0.0,0.6932,0.0,0.0,0.0,7.24327,1.90939,5.93744,2.08189,7.19699,2.31113,0.0,3.58963,2.555,1.79585,0.9599,0.88043,0.4784,0.6932,0.5052,0.85672,2.24371,1.0128,1.54432,0.79539,0.36734,0.88763,1.69852,0.57226,0.89334,2.02159,1.2663,2.03999,1.59528,1.63423,0.43322,1.60046,1.57177,0.92196,0.3613,0.36037,0.54775,0.0,0.09415,3.75756,0.84465,2.46479,0.8455,1.07882,0.82393,0.82419,0.71885,1.92514
2025-06-13 16:00:00.004,2025-07-13 16:00:00.003,0.48285,0.96186,0.52402,,4.06033,1.05086,0.13843,1.17645,0.83695,0.18332,0.90649,0.0,0.0,0.52402,0.0,0.02001,0.0,0.0,0.0167,0.01224,0.0,0.48285,0.0,0.0,0.0,9.63619,2.22601,9.88202,4.09858,10.92935,1.00417,0.0,2.46119,2.01711,0.88828,1.35482,0.89183,1.15178,0.48285,1.05086,1.17645,1.12193,1.25549,0.9641,0.35065,0.80362,0.46663,1.27056,1.20207,1.26868,1.51664,2.69627,1.32332,1.44406,1.83604,1.01582,0.38081,0.82557,1.01557,0.2451,0.33407,0.23267,0.0,0.03919,0.72581,2.25993,2.14608,0.7321,0.83653,1.04534,2.39726,0.87902,2.51523
2025-06-23 16:00:00.013,2025-07-23 16:00:00.002,0.1709,1.2674,0.90051,9.08741,3.50773,2.90445,0.37388,0.11856,0.21231,0.45716,0.11793,0.74453,11.05852,0.90051,0.0,0.02001,0.0,0.0,0.01835,0.01576,0.0,0.1709,0.0,0.0,0.0,8.75333,1.09114,7.48911,2.67462,8.04749,0.79267,0.0,0.74981,3.12957,0.22381,0.22038,3.00176,0.17454,0.1709,2.90445,0.11856,0.2365,3.56019,0.19855,0.57681,2.21397,0.29713,0.24982,6.33271,0.6793,0.18554,7.88807,0.17803,0.28857,0.82682,0.19139,0.21537,0.45834,0.29831,0.01686,0.05421,1.87073,0.04735,0.07074,0.06832,0.47718,0.74831,0.16003,0.60016,0.87161,2.38707,0.7157,2.01432
2025-07-03 16:00:00.003,2025-08-02 16:00:00.000,0.28575,2.78072,2.32543,6.27399,3.45734,2.87632,0.32577,0.29782,0.35353,0.12524,0.35308,0.0,5.76861,2.32543,0.0,0.02001,0.0,0.0,0.0134,0.01464,0.0,0.28575,0.0,0.0,0.0,7.00405,1.31033,4.88829,0.98871,6.17702,0.82155,0.0,1.50171,3.14548,1.60242,0.66733,3.03005,0.40589,0.28575,2.87632,0.29782,0.67935,2.61102,0.41604,0.47359,2.47853,0.90098,0.75649,2.66426,0.34757,0.452,1.73214,0.49571,0.73327,1.01659,0.56827,1.98276,1.79699,0.50387,0.24092,0.17331,1.87073,0.04735,0.13281,0.83241,0.85416,2.1607,1.00977,0.51309,0.40706,0.80666,0.83778,1.17261
2025-07-13 16:00:00.003,2025-08-12 16:00:00.005,0.54838,4.99352,2.39858,3.23379,7.78608,2.24588,0.46204,0.70314,0.1912,0.47258,0.35416,0.0,2.18554,2.39858,0.0,0.02001,0.0,0.0,0.01296,0.01485,0.0,0.54838,0.0,0.0,0.0,3.71355,1.08812,8.2632,3.33265,7.01607,2.68639,0.0,0.90122,2.17993,1.52735,0.78105,0.946,0.72188,0.54838,2.24588,0.70314,0.06114,0.30702,0.38005,0.28271,0.37249,0.98664,0.32592,2.90415,0.25274,0.50233,0.38931,0.63571,0.82958,0.87184,1.40863,0.7306,1.24862,1.50604,0.2451,0.10288,1.46372,0.04735,0.06578,0.55977,0.82626,0.6953,1.07093,0.38974,0.19773,1.18191,0.13595,0.38602
2025-07-23 16:00:00.002,2025-08-22 16:00:00.001,0.26535,3.59898,5.71639,1.31309,5.10242,0.18853,0.57006,0.35237,0.39897,0.75078,0.22827,3.52112,1.66534,5.71639,0.0,0.02001,0.0,0.0,0.01923,0.01009,0.0,0.26535,0.0,0.0,0.0,8.38074,2.54746,9.03036,2.19793,6.90604,0.82249,0.05199,0.63922,0.27919,0.54563,0.74513,0.78356,0.42401,0.26535,0.18853,0.35237,0.17611,0.47875,0.17203,0.27679,1.54895,0.3391,0.24595,0.24749,0.3828,0.15927,0.3269,0.25534,0.54728,0.98251,1.0291,0.43723,0.6792,0.43369,0.13598,0.00986,0.0,0.05199,0.01239,0.10418,0.31084,0.66983,0.7437,0.30253,0.35156,1.89999,0.34331,0.41543
2025-08-02 16:00:00.000,2025-09-01 16:00:00.001,0.33131,2.27563,3.97689,1.27576,6.23333,0.55373,0.32904,0.15641,0.50773,0.79119,0.06421,1.87073,1.66534,3.97689,0.0,0.02001,0.0,0.0,0.01819,0.00126,0.0,0.33131,0.0,0.0,0.0,7.14159,9.23087,9.56672,2.59347,8.83825,0.91177,0.05199,0.63564,0.19744,0.29415,0.34877,1.385,0.24892,0.33131,0.55373,0.15641,0.39022,0.42844,0.32408,0.36171,0.56425,0.95946,0.3114,0.21252,0.50888,0.59066,0.28958,0.10918,0.60687,0.75138,0.18607,0.39046,0.508,0.55425,0.01002,0.07266,0.0,0.05199,0.00297,0.10609,0.32123,0.46996,0.7332,0.32003,0.5068,0.71178,0.13466,0.40065
2025-08-12 16:00:00.005,2025-09-11 16:00:00.001,0.96287,4.41629,1.10939,1.42098,8.5497,1.06665,1.19885,0.19057,0.40067,0.16758,0.34245,1.87073,1.66534,1.10939,0.0,0.02001,0.0,0.0,0.01689,0.00252,0.0,0.96287,0.0,0.0,0.0,10.61675,8.19726,5.43143,6.41198,7.48797,3.34407,0.05199,0.22632,0.37201,0.15718,0.56612,0.50212,0.09544,0.96287,1.06665,0.19057,0.52991,0.5181,0.24901,0.38137,0.56368,0.74195,0.59056,1.49355,0.82316,0.25574,1.09744,0.08395,0.34106,0.62578,0.94269,0.72147,0.71728,0.8724,0.01859,0.29604,0.0,0.05199,0.00682,0.52932,0.51707,0.30729,0.83393,0.59822,0.45335,0.07053,0.85264,0.51695
2025-08-22 16:00:00.001,2025-09-21 16:00:00.000,1.5182,,8.2035,5.32103,9.11211,0.80351,0.34076,1.41812,0.39668,0.30738,0.31912,0.0,7.34112,8.2035,0.0,0.02001,0.0,0.0,0.0167,0.01224,0.0,1.5182,0.0,0.0,0.0,10.75021,6.37455,8.10892,2.73839,9.51211,2.52954,0.0,0.70446,0.51111,0.16621,0.23664,0.38121,0.20992,1.5182,0.80351,1.41812,0.79121,1.6284,0.62816,0.49066,0.57717,0.20805,0.58028,1.24051,0.34068,0.20166,0.50959,0.28878,0.41851,0.50885,0.79076,0.5281,0.64361,1.09153,0.03919,0.17547,0.0,0.0,0.00297,0.44974,1.38956,0.13106,0.72516,0.54916,0.65301,0.68474,0.57299,0.24609
2025-09-01 16:00:00.001,2025-10-01 16:00:00.000,0.31566,3.78659,9.45524,9.83939,14.26209,0.8394,0.54608,0.41512,0.31921,0.42658,0.41596,0.0,3.4052,9.45524,0.0,0.02001,0.0,0.0,0.01835,0.01576,0.0,0.31566,0.0,0.0,0.0,7.96666,1.15729,5.00629,1.59718,7.12374,1.24067,0.0,1.04975,0.26158,0.41744,0.23676,0.43108,0.24365,0.31566,0.8394,0.41512,0.71383,0.29663,0.44583,0.19834,0.69645,0.21217,0.95061,1.11723,0.39039,0.42801,0.58601,0.29685,0.34269,0.83403,0.36196,0.47071,0.98029,0.95785,0.00428,0.00376,0.0,0.0,0.00297,0.06693,0.64213,0.12835,0.2808,1.31294,0.29976,0.52837,0.6623,0.30203
2025-09-11 16:00:00.001,2025-10-11 16:00:00.000,0.51748,2.00367,0.52298,,15.15342,1.28948,0.76673,0.17242,0.50525,0.52685,0.54961,0.0,0.35365,0.52298,0.0,0.02001,0.0,0.0,0.0134,0.01464,0.0,0.51748,0.0,0.0,0.0,7.90543,4.46068,7.62272,2.56449,7.98281,3.05805,0.0,0.67828,0.25565,0.20538,0.17454,0.30205,0.25391,0.51748,1.28948,0.17242,0.98365,0.12168,0.68323,0.9793,0.28401,0.92939,0.99469,0.45426,0.71247,0.62898,1.04901,0.25091,0.40823,0.61568,0.59282,0.11651,3.57325,3.61227,0.00131,0.01085,0.05199,0.05199,0.00297,0.00791,1.06279,0.14031,0.37509,3.40743,0.2577,0.28081,0.3441,0.81983
2025-09-21 16:00:00.000,2025-10-21 16:00:00.000,0.40106,3.13292,2.16884,7.80321,0.79407,0.918,0.44984,0.61289,0.72513,0.64377,0.55232,0.0,0.0,2.16884,0.0,0.02001,0.0,0.0,0.01296,0.01485,0.0,0.40106,0.0,0.0,0.0,7.46221,6.7577,5.18287,2.27714,7.09052,5.09494,0.0,0.60828,1.69186,0.42088,0.36459,0.38055,0.27348,0.40106,0.918,0.61289,0.22434,0.44908,0.45076,0.14719,0.20014,0.30443,0.65679,1.03008,0.3018,0.57089,0.52684,0.17634,0.68395,0.33173,0.31589,0.40323,1.00881,0.98261,0.00613,0.01085,0.04735,0.05199,0.01357,0.01237,0.84139,1.08024,0.44654,1.55486,0.38528,0.31729,0.67356,0.29938
2025-10-01 16:00:00.000,2025-10-31 16:00:00.007,0.52476,2.62231,2.16884,7.39785,0.86706,0.16915,0.44045,0.61048,0.72513,0.64498,0.54659,0.0,0.0,2.16884,0.0,0.02001,0.0,0.0,0.01923,0.01009,0.0,0.52476,0.0,0.0,0.0,6.5774,7.74001,2.61268,2.46202,4.08543,3.29269,0.0,0.44972,0.37786,0.47348,0.32137,0.18825,0.27763,0.52476,0.16915,0.61048,0.13196,0.34855,0.55168,0.14838,0.1894,0.35954,0.3355,0.8608,0.3776,0.23739,0.73469,0.16651,0.42009,0.33195,0.40113,0.70313,0.47013,0.3993,0.02228,0.01002,0.04735,0.05199,0.01357,0.06006,0.46078,0.3233,0.1193,0.44184,0.32179,0.36214,0.21745,0.27653
2025-10-11 16:00:00.000,2025-11-10 16:00:00.003,0.30348,1.92492,2.03269,,,3.18007,1.10354,0.57104,0.49201,0.67111,0.33008,0.0,0.0,2.03269,0.0,0.02001,0.0,0.0,0.01819,0.00126,0.0,0.30348,0.0,0.0,0.0,3.44452,4.62366,2.97823,3.27485,2.10362,2.25329,0.0,0.19772,0.19383,0.33448,0.24355,0.10691,0.39548,0.30348,3.18007,0.57104,0.24924,0.24253,0.16856,0.06206,0.21399,0.19635,0.32424,0.58266,0.12026,0.54453,0.35902,0.44812,0.43827,0.28121,0.49923,0.33703,1.6399,2.0637,0.01723,0.03237,0.0,0.0,0.00744,0.00049,0.34446,1.2538,0.50772,2.04846,0.33723,0.22042,0.26995,0.50704
2025-10-21 16:00:00.000,2025-11-20 16:00:00.000,0.27475,3.31506,2.79805,6.47079,6.75365,2.13963,0.48729,0.21845,0.39341,0.28459,0.46206,0.0,0.0,2.79805,0.0,0.02001,0.0,0.0,0.01689,0.00252,0.0,0.35607,0.0,0.0,0.0,11.00799,3.47477,4.15882,2.17866,7.21698,1.57984,0.0,0.69558,1.30614,0.24478,0.53728,0.6326,0.1776,0.27475,2.13963,0.21845,0.3647,0.22703,0.19298,0.19463,0.32793,0.30099,0.26762,0.46797,0.50994,0.82794,0.71437,0.32611,0.53808,0.41004,0.25527,0.39993,1.32489,0.95843,0.04627,0.004,0.04735,0.0,0.00781,0.00049,0.44842,1.13034,0.84095,0.79112,0.23225,0.27013,0.23045,0.59196
2025-10-31 16:00:00.007,2025-11-30 16:00:00.004,0.35766,3.52305,2.49481,4.53417,2.9282,0.40409,0.77962,0.4692,0.61034,0.14955,0.46799,0.0,0.0,2.49481,0.0,0.02001,0.0,0.0,0.0167,0.01224,0.0,0.68609,0.0,0.0,0.0,6.45089,2.78497,10.82152,1.19784,10.88603,1.89721,0.0,0.3739,0.82193,0.15412,0.16013,0.08255,0.10256,0.35766,0.40409,0.4692,0.19165,0.12648,0.12482,0.16597,0.15475,0.29091,0.44656,0.27236,0.071,0.22758,0.76745,0.26701,0.46444,0.74995,0.54806,0.32035,0.29067,0.33613,0.0334,0.01002,0.0,0.0,0.00356,0.09763,0.31964,0.32359,0.18265,0.39884,0.1535,0.28808,0.61148,0.33826
2025-11-10 16:00:00.003,2025-12-10 16:00:00.012,0.32349,1.67511,1.47787,7.20885,,0.08331,0.46879,0.14964,0.4406,0.38144,0.27967,0.0,0.0,1.47787,0.0,0.02001,0.0,0.0,0.01835,0.01576,0.0,0.5784,0.0,0.0,0.0,7.743,1.06171,3.62704,3.11475,9.62177,3.59556,0.0,0.30568,0.36175,0.21874,0.13215,0.24215,0.30857,0.32349,0.08331,0.14964,0.18539,0.30685,0.11011,0.11903,0.22905,0.1416,0.64596,0.53377,0.21527,0.43601,0.45048,0.60359,0.61971,0.26896,0.37993,0.31916,0.19648,0.28017,0.004,0.01357,0.00953,0.0,0.01294,0.00198,0.31923,1.28943,0.17522,0.23864,0.54638,0.21751,0.45161,0.52549
2025-11-20 16:00:00.000,2025-12-20 16:00:00.002,0.62927,4.4486,1.89093,5.00934,6.88177,0.22708,0.59462,0.18204,0.22712,0.30505,0.31683,0.0,0.0,1.89093,0.0,0.02001,0.0,0.0,0.0134,0.01464,0.0,1.03624,2.67992,0.0,2.78229,5.824,2.02557,7.90504,2.78985,5.49065,4.41647,0.0,0.58433,0.69662,0.46196,0.29034,0.46725,0.28965,0.62927,0.22708,0.18204,0.29193,0.17628,0.48241,0.26089,0.36025,0.33457,0.86641,0.28592,0.44164,0.55792,0.74965,0.57683,0.20316,0.35146,0.49514,0.437,0.04159,1.44129,0.01429,0.05006,0.07357,0.0,0.02587,0.00792,0.86286,0.28413,0.40106,0.13115,0.32377,0.50207,0.34775,0.58699
2025-11-30 16:00:00.004,2025-12-30 16:00:00.003,0.43055,0.31404,3.558,9.05315,8.01157,0.32507,0.3004,0.16182,0.16694,0.15955,0.22776,0.0,0.0,3.558,0.0,0.02001,0.0,0.0,0.01296,0.01485,0.0,0.79771,0.93786,0.0,1.16329,3.81256,5.37872,5.19912,1.94273,5.89606,2.55669,0.0,0.19094,0.73849,0.6495,0.26463,0.13772,0.36958,0.43055,0.32507,0.16182,0.42244,0.63051,0.41538,0.28067,0.34603,0.25957,0.91065,0.53119,0.5453,0.28861,0.31896,0.30165,0.53291,0.2885,0.25789,0.75415,0.2629,0.39131,0.004,0.03071,0.01591,0.0,0.08362,0.02449,0.79447,0.86468,0.1471,0.13029,0.30297,0.71275,0.50646,0.25078
2025-12-10 16:00:00.012,2026-01-09 16:00:00.001,0.44496,1.04105,2.86486,2.80595,2.34651,0.95289,0.17525,0.32437,0.11501,0.31684,0.26272,0.0,0.0,2.86486,0.0,0.02001,0.0,0.0,0.01923,0.01009,0.0,0.35629,0.51497,0.0,0.61364,3.22664,2.25783,3.67615,6.51085,4.599,2.76568,0.0,0.25503,1.5069,0.203,0.27927,0.18921,0.15213,0.44496,0.95289,0.32437,0.61549,0.66773,0.22632,0.23298,0.53746,0.23117,0.71857,1.18388,0.41875,0.13763,0.41164,0.33185,0.42988,0.6125,0.35621,0.4468,0.87628,0.36411,0.0334,0.01723,0.43744,0.0,0.02418,0.0005,0.59618,0.64551,0.19082,0.8263,0.58557,0.63226,0.62968,0.4104
2025-12-20 16:00:00.002,2026-01-19 16:00:00.007,1.30999,7.61105,2.10018,2.75848,2.66327,1.20995,0.6439,0.23525,0.49595,0.22295,0.10383,0.0,0.0,2.10018,0.0,0.02001,0.0,0.0,0.01819,0.00126,0.04735,2.01239,0.2005,0.0,0.54262,2.93607,4.81899,4.23612,5.67726,6.73242,3.30501,0.0,0.34703,0.46033,0.05577,0.6676,1.17298,0.35527,1.30999,1.20995,0.23525,0.96629,0.44006,0.44717,0.50905,0.51925,0.25,1.19872,0.84762,0.423,0.68308,0.73897,0.20729,0.46091,1.68098,0.5786,0.42092,0.7588,0.54534,0.53891,0.78404,0.35365,0.0,0.00066,0.00446,1.45595,0.3382,0.79173,0.64937,0.31626,0.58061,0.78251,0.72029
2025-12-30 16:00:00.003,2026-01-29 16:00:00.000,3.32203,7.627,8.91152,7.37453,4.58088,0.83516,0.38469,0.52821,0.57234,0.17497,0.19099,0.0,0.0,8.91152,0.0,0.02001,0.0,0.0,0.01689,0.00252,0.04735,2.74344,0.28829,0.0,0.50832,11.01816,3.26883,3.67844,2.91815,9.66607,3.55439,0.0,1.44644,0.41617,0.21804,3.73939,0.80871,1.005,3.32203,0.83516,0.52821,1.90999,0.57567,0.3916,0.97702,1.04101,0.2599,0.66656,0.553,0.599,0.51251,0.41088,0.19193,0.79277,0.82772,0.60985,0.20414,0.31036,0.11344,0.2048,0.36428,0.12004,0.0,0.02282,0.00049,5.28998,0.58647,0.65119,0.29246,0.48818,0.37165,0.4811,0.48397
2026-01-09 16:00:00.001,2026-02-08 16:00:00.000,0.51639,7.59254,5.21863,,8.78374,1.46892,0.52964,0.22107,0.41695,0.83826,0.4756,0.0,0.0,5.21863,0.0,0.02001,0.0,0.0,0.0167,0.01224,0.00463,0.63519,0.7728,0.0,0.4008,12.02982,0.72128,4.08027,6.89477,3.2547,8.24318,0.0,1.7901,0.51499,0.30481,1.3067,0.48151,0.75678,0.51639,1.46892,0.22107,0.5924,0.365,0.45357,0.67656,0.372,0.47005,0.2863,0.20192,0.14313,0.39941,0.44542,0.26276,0.52557,0.51168,0.61983,0.63662,1.83991,2.05003,0.00162,0.00551,0.0,0.0,0.01651,0.00791,0.75179,0.56728,0.22049,2.27733,0.36224,0.72254,0.52113,0.30121
